{
  "hash": "7c1591e5",
  "configHash": "d0832f86",
  "lockfileHash": "d10e6d70",
  "browserHash": "7f7a8a25",
  "optimized": {
    "@angular/core": {
      "src": "../../../../../../node_modules/@angular/core/fesm2022/core.mjs",
      "file": "@angular_core.js",
      "fileHash": "68adfdbc",
      "needsInterop": false
    },
    "@angular/platform-browser": {
      "src": "../../../../../../node_modules/@angular/platform-browser/fesm2022/platform-browser.mjs",
      "file": "@angular_platform-browser.js",
      "fileHash": "c619182a",
      "needsInterop": false
    },
    "@angular/router": {
      "src": "../../../../../../node_modules/@angular/router/fesm2022/router.mjs",
      "file": "@angular_router.js",
      "fileHash": "43a6ae42",
      "needsInterop": false
    }
  },
  "chunks": {
    "chunk-KBKLZTRE": {
      "file": "chunk-KBKLZTRE.js"
    },
    "chunk-UHEQVDSS": {
      "file": "chunk-UHEQVDSS.js"
    }
  }
}